claim_id,claim,paper_location,proof_or_checker,raw_result_or_test,figure_or_table,maturity,boundary,fresh_recheck
metric-reduction,All optimum codes lie in the observed row space; feasible metrics have calibration slack rank at most q-3,Theorem 1 and Figure 1,proofs/core.md §1,Exact metric and decoder realizability checks,Figure 1,proved; finite-checked,Exact complete-view linear model only,2026-09-21 adversarial artifact review and full in-tree reproduction accepted; final clean-archive confirmation is recorded in results/clean_reproduction.json
vanishing-penalty,Every accumulation point of global minimizers of squared fitting loss plus a vanishing code penalty is a minimum-code-norm exact fit,Section 2,proofs/core.md §1,Compactness/comparison proof,None,proved,Global minimizers and subsequential limits only; no training-dynamics claim,2026-09-21 adversarial artifact review and full in-tree reproduction accepted; final clean-archive confirmation is recorded in results/clean_reproduction.json
width-three,Three distinct unoriented normal directions uniquely determine the width-three metric,Proposition 3,proofs/core.md §2,Two-plane ambiguity and three-plane divisibility cases,None,proved,Classical baseline; stacked observations must have rank three,2026-09-21 adversarial artifact review and full in-tree reproduction accepted; final clean-archive confirmation is recorded in results/clean_reproduction.json
width-four-fixed,"For spanning normals, fixed-scene width-four recovery holds iff Q_C is PSD",Theorem 7,proofs/core.md §§3–4; src/check.py,868 structured and 1600 frozen exact decisions,None,proved; finite-checked,Q_C depends on the scene covariance; finite checks do not prove theorem,2026-09-21 adversarial artifact review and full in-tree reproduction accepted; final clean-archive confirmation is recorded in results/clean_reproduction.json
coordinate-correlation,"For coordinate cameras, recovery is equivalent to the signed correlation determinant and the equicorrelation threshold is rho=1/2",Section 4.3,proofs/core.md §4; tests/test_certificates.py,519 exact coordinate covariances,None,proved; finite-checked,Three coordinate-camera arrangement only,2026-09-21 adversarial artifact review and full in-tree reproduction accepted; final clean-archive confirmation is recorded in results/clean_reproduction.json
uniform-four,Uniform width-four recovery holds iff the determinant polynomial vanishes identically on the kernel,Theorem 8,proofs/core.md §5; src/check.py,Degree-complete determinant-grid checks,Table 1,proved; finite-checked,Requires spanning normals,2026-09-21 adversarial artifact review and full in-tree reproduction accepted; final clean-archive confirmation is recorded in results/clean_reproduction.json
view-threshold,Four special views suffice; six views are generically necessary and sufficient,Theorem 9 and Appendix,proofs/core.md §5,"Explicit four-view safe design, m<=5 nonsafe examples, nonzero six-view minor",Table 1,proved,"Generic means Zariski open dense in projective camera parameter space, not probabilistic",2026-09-21 adversarial artifact review and full in-tree reproduction accepted; final clean-archive confirmation is recorded in results/clean_reproduction.json
wide-cone,"At width at least five, recovery is equivalent to membership in the image-plane PSD covariance cone",Theorem 10,proofs/core.md §5,Primal/dual oracle checks,None,proved; finite-checked,Finite calibrated orthographic camera set,2026-09-21 adversarial artifact review and full in-tree reproduction accepted; final clean-archive confirmation is recorded in results/clean_reproduction.json
wide-no-finite,No finite camera arrangement recovers every positive-definite scene at width at least five,Theorem 11,proofs/core.md §5,Two rank-deficient and 40 frozen strict witnesses,None,proved; finite-checked,"Scene-uniform statement, not failure for every scene",2026-09-21 adversarial artifact review and full in-tree reproduction accepted; final clean-archive confirmation is recorded in results/clean_reproduction.json
view-width-monotonicity,Adding correct views cannot destroy recovery; increasing width cannot create recovery; repeated views add no constraint,Section 5,proofs/core.md §5; tests/test_certificates.py,"3208 arrangement pairs, 12832 fixed-scene pairs, 16 repeats, two strict width cases",None,proved; finite-checked,Complete exact views under the same model,2026-09-21 adversarial artifact review and full in-tree reproduction accepted; final clean-archive confirmation is recorded in results/clean_reproduction.json
descent,A rational negative direction yields an explicit finite positive-definite competing metric and exact lower objective,Proposition 13,proofs/core.md §6; src/check.py,All 168 structured strict witnesses and frozen failures,None,proved; finite-checked,Witness need not be globally optimal,2026-09-21 adversarial artifact review and full in-tree reproduction accepted; final clean-archive confirmation is recorded in results/clean_reproduction.json
stability,"Covariance margins, strong-convexity sensitivity, and angular-coverage error bounds hold under stated neighborhoods",Section 6,proofs/core.md §6,Exact boundary examples and algebraic checks,None,proved,Not arbitrary independent image-noise robustness,2026-09-21 adversarial artifact review and full in-tree reproduction accepted; final clean-archive confirmation is recorded in results/clean_reproduction.json
data-only,"The exact observations alone determine the width-four verdict on the rank-three-normal-span domain and, on failure, a finite same-observation competing Gram",Theorem 17 and Section 6.3,proofs/core.md §7; inspect_views.py; src/check.py; tests/test_certificates.py,Four observation-only fixtures; two rank-two domain variants; finite metric/objective/Gram fields,None,proved; finite-checked,Exact rational rank-three inputs with unique positive metric upgrade; rank-two raw normals are rejected before recovery logic,"2026-09-26 targeted domain repair, full reproduction, and report reconciliation accepted"
wrong-affine,Using WW^T instead of the transformed affine covariance can reverse a verdict,Section 6.2,proofs/core.md §7; report.py,Exact opposite-sign counterexample,None,proved by explicit arithmetic,Diagnostic counterexample only,2026-09-21 adversarial artifact review and full in-tree reproduction accepted; final clean-archive confirmation is recorded in results/clean_reproduction.json
oracle,The four-point family transitions at u=1/3 and has the stated exact global optima and Gram error,Theorem 18,proofs/core.md §8; report.py,49 exact oracle points in oracle.csv,Figure 2,proved; finite-checked,Special coordinate-camera family,2026-09-21 adversarial artifact review and full in-tree reproduction accepted; final clean-archive confirmation is recorded in results/clean_reproduction.json
structured-counts,The fixed structured campaign contains 868 decisions: 703 recovery and 165 strict failure,Section 7.2,inputs/design.md; src/check.py; report.py,certificates.json; verification.json,Table 1,finite-checked; independently recomputed,"Synthetic fixed design, not statistical sampling",2026-09-21 adversarial artifact review and full in-tree reproduction accepted; final clean-archive confirmation is recorded in results/clean_reproduction.json
stress-counts,"The frozen fixed-seed input design contains 1600 decisions: 1165 recovery and 435 failure, plus 40 wide strict witnesses",Section 7.2,inputs/design.md; holdout_stress.py; src/verify_holdout.py; report.py,holdout-stress.json; holdout-verification.json; all 435 failures parent-bound,Table 2,finite-checked; independently recomputed,Fixtures and seed are separate; generator reuses shared exact/producer routines; not population generalization,"2026-09-26 parent-binding repair, six-mutation run, and full reproduction accepted"
corruptions,"35 base corruptions, two observation-domain variants, and six stress corruptions are rejected",Section 7.2,tests/test_certificates.py; src/verify_holdout.py; report.py,tests.json; holdout-verification.json; report.json (43 total),None,finite-checked,Targeted rather than exhaustive fuzzing,2026-09-26 all 43 targeted adversarial variants rejected in actual runs
arithmetic-boundaries,"Independent exact checks cover small symmetric forms, gauges, basis congruence, descent, nesting, repeated views, and rank-deficient wide cases",Section 7.2 and Appendix,tests/test_certificates.py,tests.json,None,finite-checked,"Consequences of proofs, not proof by enumeration",2026-09-21 adversarial artifact review and full in-tree reproduction accepted; final clean-archive confirmation is recorded in results/clean_reproduction.json
source-audit,"Retained scientific source has no removable scientific assert, dynamic evaluation, network/process import, private path, or unresolved TODO marker",Artifact only,src/reviewer_audit.py,final-review-audit.json,None,static-audited,Not a security certification,2026-09-26 static audit and isolated full reproduction accepted; clean comparison recorded in results/clean_reproduction.json
bibliography-audit,Exactly 55 body-cited records resolve to primary/persistent scholarly records after three metadata corrections,Related work and bibliography,paper/check_bibliography.py; check_references.py; check_reference_external.py,reference-audit.json; reference-external-audit.json,None,metadata/use audited,52 published/book and three preprints; not exhaustive novelty or priority review,2026-09-21 adversarial artifact review and full in-tree reproduction accepted; final clean-archive confirmation is recorded in results/clean_reproduction.json
resource-measurement,One-process exact reproduction completes within the recorded local CPU/RSS envelope,Artifact only,reproduce.py,execution.json; resource_usage.csv,None,measured,"Local metrology, not a benchmark",2026-09-21 adversarial artifact review and full in-tree reproduction accepted; final clean-archive confirmation is recorded in results/clean_reproduction.json
pdf-build,The supplied JMLR source builds to exactly 35 Letter pages without overfull boxes or unresolved references,Publication artifact,paper/build.sh; PDF preflight/render comparison,paper/main.pdf and final render audit,Figures 1–2,built; visually checked,"Internal target and publication-format check, not venue acceptance",2026-09-21 adversarial artifact review and full in-tree reproduction accepted; final clean-archive confirmation is recorded in results/clean_reproduction.json
