name,url,license,access_date,resource_type,acquisition_method,integration_mode,supported_claim,internals_modified
When Is There a Representer Theorem? Vector Versus Matrix Regularizers,https://jmlr.org/papers/v10/argyriou09a.html,Rights remain with original rights holders; no article redistributed,2026-09-21,scholarly publication or book,"Primary publisher, proceedings, DOI, or arXiv record; title/authors/year/venue and manuscript use reviewed","Citation and reading notes only; no code, figures, models, or data imported","Matrix-learning, completion, regularization, or optimization context; used to distinguish missing-data and landscape guarantees from complete-view calibration-slack ambiguity. No recovery theorem is imported.",no
Least-Squares Fitting of Two 3-D Point Sets,https://doi.org/10.1109/TPAMI.1987.4767965,Rights remain with original rights holders; no article redistributed,2026-09-21,scholarly publication or book,"Primary publisher, proceedings, DOI, or arXiv record; title/authors/year/venue and manuscript use reviewed","Citation and reading notes only; no code, figures, models, or data imported","Alignment, synchronization, or registration context; used to distinguish full-dimensional local coordinates or pairwise transforms from two-dimensional orthographic decoder blocks.",no
Implicit Regularization in Deep Matrix Factorization,https://arxiv.org/abs/1905.13655,Rights remain with original rights holders; no article redistributed,2026-09-21,scholarly publication or book,"Primary publisher, proceedings, DOI, or arXiv record; title/authors/year/venue and manuscript use reviewed","Citation and reading notes only; no code, figures, models, or data imported","Matrix-learning, completion, regularization, or optimization context; used to distinguish missing-data and landscape guarantees from complete-view calibration-slack ambiguity. No recovery theorem is imported.",no
Non-Convex Matrix Completion and Related Problems via Strong Duality,https://jmlr.org/papers/v20/17-611.html,Rights remain with original rights holders; no article redistributed,2026-09-21,scholarly publication or book,"Primary publisher, proceedings, DOI, or arXiv record; title/authors/year/venue and manuscript use reviewed","Citation and reading notes only; no code, figures, models, or data imported","Matrix-learning, completion, regularization, or optimization context; used to distinguish missing-data and landscape guarantees from complete-view calibration-slack ambiguity. No recovery theorem is imported.",no
Tightness of the Maximum Likelihood Semidefinite Relaxation for Angular Synchronization,https://doi.org/10.1007/s10107-016-1059-6,Rights remain with original rights holders; no article redistributed,2026-09-21,scholarly publication or book,"Primary publisher, proceedings, DOI, or arXiv record; title/authors/year/venue and manuscript use reviewed","Citation and reading notes only; no code, figures, models, or data imported","Alignment, synchronization, or registration context; used to distinguish full-dimensional local coordinates or pairwise transforms from two-dimensional orthographic decoder blocks.",no
Identifiable Multimodal Causal Representation Learning under Partial Latent Sharing,https://arxiv.org/abs/2605.19135,Rights remain with original rights holders; no article redistributed,2026-09-21,scholarly publication or book,"Primary publisher, proceedings, DOI, or arXiv record; title/authors/year/venue and manuscript use reviewed","Citation and reading notes only; no code, figures, models, or data imported","Representation-identifiability or geometric-learning context; used to delimit the transformation class, population assumptions, and optimizer quantifier. No empirical result or nonlinear guarantee is transferred.",no
Global Optimality of Local Search for Low Rank Matrix Recovery,https://arxiv.org/abs/1605.07221,Rights remain with original rights holders; no article redistributed,2026-09-21,scholarly publication or book,"Primary publisher, proceedings, DOI, or arXiv record; title/authors/year/venue and manuscript use reviewed","Citation and reading notes only; no code, figures, models, or data imported","Matrix-learning, completion, regularization, or optimization context; used to distinguish missing-data and landscape guarantees from complete-view calibration-slack ambiguity. No recovery theorem is imported.",no
Recovering Non-Rigid 3D Shape from Image Streams,https://ieeexplore.ieee.org/document/854941/,Rights remain with original rights holders; no article redistributed,2026-09-21,scholarly publication or book,"Primary publisher, proceedings, DOI, or arXiv record; title/authors/year/venue and manuscript use reviewed","Citation and reading notes only; no code, figures, models, or data imported",Classical structure-from-motion or factorization context; used to delimit the width-three metric-upgrade baseline and complete-view assumptions. No novelty is assigned to the classical reconstruction step.,no
VLM3: Vision Language Models Are Native 3D Learners,https://arxiv.org/abs/2605.30561,Rights remain with original rights holders; no article redistributed,2026-09-21,scholarly publication or book,"Primary publisher, proceedings, DOI, or arXiv record; title/authors/year/venue and manuscript use reviewed","Citation and reading notes only; no code, figures, models, or data imported","Representation-identifiability or geometric-learning context; used to delimit the transformation class, population assumptions, and optimizer quantifier. No empirical result or nonlinear guarantee is transferred.",no
Exact Matrix Completion via Convex Optimization,https://doi.org/10.1007/s10208-009-9045-5,Rights remain with original rights holders; no article redistributed,2026-09-21,scholarly publication or book,"Primary publisher, proceedings, DOI, or arXiv record; title/authors/year/venue and manuscript use reviewed","Citation and reading notes only; no code, figures, models, or data imported","Matrix-learning, completion, regularization, or optimization context; used to distinguish missing-data and landscape guarantees from complete-view calibration-slack ambiguity. No recovery theorem is imported.",no
Matrix Completion with Noise,https://doi.org/10.1109/JPROC.2009.2035722,Rights remain with original rights holders; no article redistributed,2026-09-21,scholarly publication or book,"Primary publisher, proceedings, DOI, or arXiv record; title/authors/year/venue and manuscript use reviewed","Citation and reading notes only; no code, figures, models, or data imported","Matrix-learning, completion, regularization, or optimization context; used to distinguish missing-data and landscape guarantees from complete-view calibration-slack ambiguity. No recovery theorem is imported.",no
Global Registration of Multiple Point Clouds Using Semidefinite Programming,https://arxiv.org/abs/1306.5226,Rights remain with original rights holders; no article redistributed,2026-09-21,scholarly publication or book,"Primary publisher, proceedings, DOI, or arXiv record; title/authors/year/venue and manuscript use reviewed","Citation and reading notes only; no code, figures, models, or data imported","Alignment, synchronization, or registration context; used to distinguish full-dimensional local coordinates or pairwise transforms from two-dimensional orthographic decoder blocks.",no
"Completing Any Low-Rank Matrix, Provably",https://jmlr.org/papers/v16/chen15b.html,Rights remain with original rights holders; no article redistributed,2026-09-21,scholarly publication or book,"Primary publisher, proceedings, DOI, or arXiv record; title/authors/year/venue and manuscript use reviewed","Citation and reading notes only; no code, figures, models, or data imported","Matrix-learning, completion, regularization, or optimization context; used to distinguish missing-data and landscape guarantees from complete-view calibration-slack ambiguity. No recovery theorem is imported.",no
Nonconvex Matrix Completion with Linearly Parameterized Factors,https://jmlr.org/papers/v23/21-1148.html,Rights remain with original rights holders; no article redistributed,2026-09-21,scholarly publication or book,"Primary publisher, proceedings, DOI, or arXiv record; title/authors/year/venue and manuscript use reviewed","Citation and reading notes only; no code, figures, models, or data imported","Matrix-learning, completion, regularization, or optimization context; used to distinguish missing-data and landscape guarantees from complete-view calibration-slack ambiguity. No recovery theorem is imported.",no
Generic Global Rigidity,https://doi.org/10.1007/s00454-004-1124-4,Rights remain with original rights holders; no article redistributed,2026-09-21,scholarly publication or book,"Primary publisher, proceedings, DOI, or arXiv record; title/authors/year/venue and manuscript use reviewed","Citation and reading notes only; no code, figures, models, or data imported",Rigidity or algebraic-identifiability context; used to distinguish uniqueness of a measurement map from selection among exact fits by a specified regularized learner.,no
A Multibody Factorization Method for Independently Moving Objects,https://doi.org/10.1023/A:1008000628999,Rights remain with original rights holders; no article redistributed,2026-09-21,scholarly publication or book,"Primary publisher, proceedings, DOI, or arXiv record; title/authors/year/venue and manuscript use reviewed","Citation and reading notes only; no code, figures, models, or data imported",Classical structure-from-motion or factorization context; used to delimit the width-three metric-upgrade baseline and complete-view assumptions. No novelty is assigned to the classical reconstruction step.,no
Identifiability of Points and Rigidity of Hypergraphs under Algebraic Constraints,https://doi.org/10.1112/jlms.70633,Rights remain with original rights holders; no article redistributed,2026-09-21,scholarly publication or book,"Primary publisher, proceedings, DOI, or arXiv record; title/authors/year/venue and manuscript use reviewed","Citation and reading notes only; no code, figures, models, or data imported",Rigidity or algebraic-identifiability context; used to distinguish uniqueness of a measurement map from selection among exact fits by a specified regularized learner.,no
Identifiability Results for Multimodal Contrastive Learning,https://arxiv.org/abs/2303.09166,Rights remain with original rights holders; no article redistributed,2026-09-21,scholarly publication or book,"Primary publisher, proceedings, DOI, or arXiv record; title/authors/year/venue and manuscript use reviewed","Citation and reading notes only; no code, figures, models, or data imported","Representation-identifiability or geometric-learning context; used to delimit the transformation class, population assumptions, and optimizer quantifier. No empirical result or nonlinear guarantee is transferred.",no
The Rotation of Eigenvectors by a Perturbation. III,https://doi.org/10.1137/0707001,Rights remain with original rights holders; no article redistributed,2026-09-21,scholarly publication or book,"Primary publisher, proceedings, DOI, or arXiv record; title/authors/year/venue and manuscript use reviewed","Citation and reading notes only; no code, figures, models, or data imported",Perturbation-analysis context; used to contrast subspace or reconstruction stability with stability of the optimizer of the declared interpolation objective.,no
No Spurious Local Minima in Nonconvex Low Rank Problems: A Unified Geometric Analysis,https://proceedings.mlr.press/v70/ge17a.html,Rights remain with original rights holders; no article redistributed,2026-09-21,scholarly publication or book,"Primary publisher, proceedings, DOI, or arXiv record; title/authors/year/venue and manuscript use reviewed","Citation and reading notes only; no code, figures, models, or data imported","Matrix-learning, completion, regularization, or optimization context; used to distinguish missing-data and landscape guarantees from complete-view calibration-slack ambiguity. No recovery theorem is imported.",no
Manifold Learning: The Price of Normalization,https://jmlr.org/papers/v9/goldberg08a.html,Rights remain with original rights holders; no article redistributed,2026-09-21,scholarly publication or book,"Primary publisher, proceedings, DOI, or arXiv record; title/authors/year/venue and manuscript use reviewed","Citation and reading notes only; no code, figures, models, or data imported","Matrix-learning, completion, regularization, or optimization context; used to distinguish missing-data and landscape guarantees from complete-view calibration-slack ambiguity. No recovery theorem is imported.",no
Characterizing Generic Global Rigidity,https://doi.org/10.1353/ajm.0.0132,Rights remain with original rights holders; no article redistributed,2026-09-21,scholarly publication or book,"Primary publisher, proceedings, DOI, or arXiv record; title/authors/year/venue and manuscript use reviewed","Citation and reading notes only; no code, figures, models, or data imported",Rigidity or algebraic-identifiability context; used to distinguish uniqueness of a measurement map from selection among exact fits by a specified regularized learner.,no
Generalized Procrustes Analysis,https://doi.org/10.1007/BF02291478,Rights remain with original rights holders; no article redistributed,2026-09-21,scholarly publication or book,"Primary publisher, proceedings, DOI, or arXiv record; title/authors/year/venue and manuscript use reviewed","Citation and reading notes only; no code, figures, models, or data imported","Alignment, synchronization, or registration context; used to distinguish full-dimensional local coordinates or pairwise transforms from two-dimensional orthographic decoder blocks.",no
The Incomplete Rosetta Stone Problem: Identifiability Results for Multi-View Nonlinear ICA,https://proceedings.mlr.press/v115/gresele20a.html,Rights remain with original rights holders; no article redistributed,2026-09-21,scholarly publication or book,"Primary publisher, proceedings, DOI, or arXiv record; title/authors/year/venue and manuscript use reviewed","Citation and reading notes only; no code, figures, models, or data imported","Representation-identifiability or geometric-learning context; used to delimit the transformation class, population assumptions, and optimizer quantifier. No empirical result or nonlinear guarantee is transferred.",no
Implicit Regularization in Matrix Factorization,https://arxiv.org/abs/1705.09280,Rights remain with original rights holders; no article redistributed,2026-09-21,scholarly publication or book,"Primary publisher, proceedings, DOI, or arXiv record; title/authors/year/venue and manuscript use reviewed","Citation and reading notes only; no code, figures, models, or data imported","Matrix-learning, completion, regularization, or optimization context; used to distinguish missing-data and landscape guarantees from complete-view calibration-slack ambiguity. No recovery theorem is imported.",no
Multiple View Geometry in Computer Vision,https://doi.org/10.1017/CBO9780511811685,Rights remain with original rights holders; no article redistributed,2026-09-21,scholarly publication or book,"Primary publisher, proceedings, DOI, or arXiv record; title/authors/year/venue and manuscript use reviewed","Citation and reading notes only; no code, figures, models, or data imported",Classical structure-from-motion or factorization context; used to delimit the width-three metric-upgrade baseline and complete-view assumptions. No novelty is assigned to the classical reconstruction step.,no
Closed-Form Solution of Absolute Orientation Using Unit Quaternions,https://doi.org/10.1364/JOSAA.4.000629,Rights remain with original rights holders; no article redistributed,2026-09-21,scholarly publication or book,"Primary publisher, proceedings, DOI, or arXiv record; title/authors/year/venue and manuscript use reviewed","Citation and reading notes only; no code, figures, models, or data imported","Alignment, synchronization, or registration context; used to distinguish full-dimensional local coordinates or pairwise transforms from two-dimensional orthographic decoder blocks.",no
Unsupervised Feature Extraction by Time-Contrastive Learning and Nonlinear ICA,https://arxiv.org/abs/1605.06336,Rights remain with original rights holders; no article redistributed,2026-09-21,scholarly publication or book,"Primary publisher, proceedings, DOI, or arXiv record; title/authors/year/venue and manuscript use reviewed","Citation and reading notes only; no code, figures, models, or data imported","Representation-identifiability or geometric-learning context; used to delimit the transformation class, population assumptions, and optimizer quantifier. No empirical result or nonlinear guarantee is transferred.",no
Nonlinear ICA Using Auxiliary Variables and Generalized Contrastive Learning,https://proceedings.mlr.press/v89/hyvarinen19a.html,Rights remain with original rights holders; no article redistributed,2026-09-21,scholarly publication or book,"Primary publisher, proceedings, DOI, or arXiv record; title/authors/year/venue and manuscript use reviewed","Citation and reading notes only; no code, figures, models, or data imported","Representation-identifiability or geometric-learning context; used to delimit the transformation class, population assumptions, and optimizer quantifier. No empirical result or nonlinear guarantee is transferred.",no
Variational Autoencoders and Nonlinear ICA: A Unifying Framework,https://proceedings.mlr.press/v108/khemakhem20a.html,Rights remain with original rights holders; no article redistributed,2026-09-21,scholarly publication or book,"Primary publisher, proceedings, DOI, or arXiv record; title/authors/year/venue and manuscript use reviewed","Citation and reading notes only; no code, figures, models, or data imported","Representation-identifiability or geometric-learning context; used to delimit the transformation class, population assumptions, and optimizer quantifier. No empirical result or nonlinear guarantee is transferred.",no
The Algebraic Combinatorial Approach for Low-Rank Matrix Completion,https://jmlr.org/papers/v16/kiraly15a.html,Rights remain with original rights holders; no article redistributed,2026-09-21,scholarly publication or book,"Primary publisher, proceedings, DOI, or arXiv record; title/authors/year/venue and manuscript use reviewed","Citation and reading notes only; no code, figures, models, or data imported","Matrix-learning, completion, regularization, or optimization context; used to distinguish missing-data and landscape guarantees from complete-view calibration-slack ambiguity. No recovery theorem is imported.",no
On Ullman's Theorem in Computer Vision,https://arxiv.org/abs/0708.2438,Rights remain with original rights holders; no article redistributed,2026-09-21,scholarly publication or book,"Primary publisher, proceedings, DOI, or arXiv record; title/authors/year/venue and manuscript use reviewed","Citation and reading notes only; no code, figures, models, or data imported",Classical structure-from-motion or factorization context; used to delimit the width-three metric-upgrade baseline and complete-view assumptions. No novelty is assigned to the classical reconstruction step.,no
Affine Structure from Motion,https://doi.org/10.1364/JOSAA.8.000377,Rights remain with original rights holders; no article redistributed,2026-09-21,scholarly publication or book,"Primary publisher, proceedings, DOI, or arXiv record; title/authors/year/venue and manuscript use reviewed","Citation and reading notes only; no code, figures, models, or data imported",Classical structure-from-motion or factorization context; used to delimit the width-three metric-upgrade baseline and complete-view assumptions. No novelty is assigned to the classical reconstruction step.,no
Scalable Frames,https://arxiv.org/abs/1204.1880,Rights remain with original rights holders; no article redistributed,2026-09-21,scholarly publication or book,"Primary publisher, proceedings, DOI, or arXiv record; title/authors/year/venue and manuscript use reviewed","Citation and reading notes only; no code, figures, models, or data imported","Semidefinite-cone or scalable-frame context; used as an acknowledged geometric antecedent for the wide-model covariance cone, not as a source of the width-four theorem.",no
Challenging Common Assumptions in the Unsupervised Learning of Disentangled Representations,https://proceedings.mlr.press/v97/locatello19a.html,Rights remain with original rights holders; no article redistributed,2026-09-21,scholarly publication or book,"Primary publisher, proceedings, DOI, or arXiv record; title/authors/year/venue and manuscript use reviewed","Citation and reading notes only; no code, figures, models, or data imported","Representation-identifiability or geometric-learning context; used to delimit the transformation class, population assumptions, and optimizer quantifier. No empirical result or nonlinear guarantee is transferred.",no
Understanding Latent Correlation-Based Multiview Learning and Self-Supervision: An Identifiability Perspective,https://arxiv.org/abs/2106.07115,Rights remain with original rights holders; no article redistributed,2026-09-21,scholarly publication or book,"Primary publisher, proceedings, DOI, or arXiv record; title/authors/year/venue and manuscript use reviewed","Citation and reading notes only; no code, figures, models, or data imported","Representation-identifiability or geometric-learning context; used to delimit the transformation class, population assumptions, and optimizer quantifier. No empirical result or nonlinear guarantee is transferred.",no
Statistical and Structural Identifiability in Representation Learning,https://arxiv.org/abs/2603.11970,Rights remain with original rights holders; no article redistributed,2026-09-21,scholarly publication or book,"Primary publisher, proceedings, DOI, or arXiv record; title/authors/year/venue and manuscript use reviewed","Citation and reading notes only; no code, figures, models, or data imported","Representation-identifiability or geometric-learning context; used to delimit the transformation class, population assumptions, and optimizer quantifier. No empirical result or nonlinear guarantee is transferred.",no
Solving the Multi-Way Matching Problem by Permutation Synchronization,https://proceedings.neurips.cc/paper/2013/hash/3df1d4b96d8976ff5986393e8767f5b2-Abstract.html,Rights remain with original rights holders; no article redistributed,2026-09-21,scholarly publication or book,"Primary publisher, proceedings, DOI, or arXiv record; title/authors/year/venue and manuscript use reviewed","Citation and reading notes only; no code, figures, models, or data imported","Alignment, synchronization, or registration context; used to distinguish full-dimensional local coordinates or pairwise transforms from two-dimensional orthographic decoder blocks.",no
A Paraperspective Factorization Method for Shape and Motion Recovery,https://doi.org/10.1109/34.584098,Rights remain with original rights holders; no article redistributed,2026-09-21,scholarly publication or book,"Primary publisher, proceedings, DOI, or arXiv record; title/authors/year/venue and manuscript use reviewed","Citation and reading notes only; no code, figures, models, or data imported",Classical structure-from-motion or factorization context; used to delimit the width-three metric-upgrade baseline and complete-view assumptions. No novelty is assigned to the classical reconstruction step.,no
A Simpler Approach to Matrix Completion,https://jmlr.org/papers/v12/recht11a.html,Rights remain with original rights holders; no article redistributed,2026-09-21,scholarly publication or book,"Primary publisher, proceedings, DOI, or arXiv record; title/authors/year/venue and manuscript use reviewed","Citation and reading notes only; no code, figures, models, or data imported","Matrix-learning, completion, regularization, or optimization context; used to distinguish missing-data and landscape guarantees from complete-view calibration-slack ambiguity. No recovery theorem is imported.",no
On Linear Identifiability of Learned Representations,https://proceedings.mlr.press/v139/roeder21a.html,Rights remain with original rights holders; no article redistributed,2026-09-21,scholarly publication or book,"Primary publisher, proceedings, DOI, or arXiv record; title/authors/year/venue and manuscript use reviewed","Citation and reading notes only; no code, figures, models, or data imported","Representation-identifiability or geometric-learning context; used to delimit the transformation class, population assumptions, and optimizer quantifier. No empirical result or nonlinear guarantee is transferred.",no
SE-Sync: A Certifiably Correct Algorithm for Synchronization over the Special Euclidean Group,https://doi.org/10.1177/0278364918784361,Rights remain with original rights holders; no article redistributed,2026-09-21,scholarly publication or book,"Primary publisher, proceedings, DOI, or arXiv record; title/authors/year/venue and manuscript use reviewed","Citation and reading notes only; no code, figures, models, or data imported","Alignment, synchronization, or registration context; used to distinguish full-dimensional local coordinates or pairwise transforms from two-dimensional orthographic decoder blocks.",no
"Diagonal and Low-Rank Matrix Decompositions, Correlation Matrices, and Ellipsoid Fitting",https://doi.org/10.1137/120872516,Rights remain with original rights holders; no article redistributed,2026-09-21,scholarly publication or book,"Primary publisher, proceedings, DOI, or arXiv record; title/authors/year/venue and manuscript use reviewed","Citation and reading notes only; no code, figures, models, or data imported","Semidefinite-cone or scalable-frame context; used as an acknowledged geometric antecedent for the wide-model covariance cone, not as a source of the width-four theorem.",no
A Generalized Solution of the Orthogonal Procrustes Problem,https://doi.org/10.1007/BF02289451,Rights remain with original rights holders; no article redistributed,2026-09-21,scholarly publication or book,"Primary publisher, proceedings, DOI, or arXiv record; title/authors/year/venue and manuscript use reviewed","Citation and reading notes only; no code, figures, models, or data imported","Alignment, synchronization, or registration context; used to distinguish full-dimensional local coordinates or pairwise transforms from two-dimensional orthographic decoder blocks.",no
Angular Synchronization by Eigenvectors and Semidefinite Programming,https://doi.org/10.1016/j.acha.2010.02.001,Rights remain with original rights holders; no article redistributed,2026-09-21,scholarly publication or book,"Primary publisher, proceedings, DOI, or arXiv record; title/authors/year/venue and manuscript use reviewed","Citation and reading notes only; no code, figures, models, or data imported","Alignment, synchronization, or registration context; used to distinguish full-dimensional local coordinates or pairwise transforms from two-dimensional orthographic decoder blocks.",no
On Uniquely Registrable Networks,https://arxiv.org/abs/1906.09714,Rights remain with original rights holders; no article redistributed,2026-09-21,scholarly publication or book,"Primary publisher, proceedings, DOI, or arXiv record; title/authors/year/venue and manuscript use reviewed","Citation and reading notes only; no code, figures, models, or data imported","Alignment, synchronization, or registration context; used to distinguish full-dimensional local coordinates or pairwise transforms from two-dimensional orthographic decoder blocks.",no
Linear Causal Disentanglement via Interventions,https://proceedings.mlr.press/v202/squires23a.html,Rights remain with original rights holders; no article redistributed,2026-09-21,scholarly publication or book,"Primary publisher, proceedings, DOI, or arXiv record; title/authors/year/venue and manuscript use reviewed","Citation and reading notes only; no code, figures, models, or data imported","Representation-identifiability or geometric-learning context; used to delimit the transformation class, population assumptions, and optimizer quantifier. No empirical result or nonlinear guarantee is transferred.",no
A Factorization Based Algorithm for Multi-Image Projective Structure and Motion,https://link.springer.com/chapter/10.1007/3-540-61123-1_183,Rights remain with original rights holders; no article redistributed,2026-09-21,scholarly publication or book,"Primary publisher, proceedings, DOI, or arXiv record; title/authors/year/venue and manuscript use reviewed","Citation and reading notes only; no code, figures, models, or data imported",Classical structure-from-motion or factorization context; used to delimit the width-three metric-upgrade baseline and complete-view assumptions. No novelty is assigned to the classical reconstruction step.,no
Shape and Motion from Image Streams under Orthography: A Factorization Method,https://doi.org/10.1007/BF00129684,Rights remain with original rights holders; no article redistributed,2026-09-21,scholarly publication or book,"Primary publisher, proceedings, DOI, or arXiv record; title/authors/year/venue and manuscript use reviewed","Citation and reading notes only; no code, figures, models, or data imported",Classical structure-from-motion or factorization context; used to delimit the width-three metric-upgrade baseline and complete-view assumptions. No novelty is assigned to the classical reconstruction step.,no
The Interpretation of Structure from Motion,https://doi.org/10.1098/rspb.1979.0006,Rights remain with original rights holders; no article redistributed,2026-09-21,scholarly publication or book,"Primary publisher, proceedings, DOI, or arXiv record; title/authors/year/venue and manuscript use reviewed","Citation and reading notes only; no code, figures, models, or data imported",Classical structure-from-motion or factorization context; used to delimit the width-three metric-upgrade baseline and complete-view assumptions. No novelty is assigned to the classical reconstruction step.,no
Self-Supervised Learning with Data Augmentations Provably Isolates Content from Style,https://arxiv.org/abs/2106.04619,Rights remain with original rights holders; no article redistributed,2026-09-21,scholarly publication or book,"Primary publisher, proceedings, DOI, or arXiv record; title/authors/year/venue and manuscript use reviewed","Citation and reading notes only; no code, figures, models, or data imported","Representation-identifiability or geometric-learning context; used to delimit the transformation class, population assumptions, and optimizer quantifier. No empirical result or nonlinear guarantee is transferred.",no
Perturbation Bounds in Connection with Singular Value Decomposition,https://doi.org/10.1007/BF01932678,Rights remain with original rights holders; no article redistributed,2026-09-21,scholarly publication or book,"Primary publisher, proceedings, DOI, or arXiv record; title/authors/year/venue and manuscript use reviewed","Citation and reading notes only; no code, figures, models, or data imported",Perturbation-analysis context; used to contrast subspace or reconstruction stability with stability of the optimizer of the declared interpolation objective.,no
Multi-View Causal Representation Learning with Partial Observability,https://arxiv.org/abs/2311.04056,Rights remain with original rights holders; no article redistributed,2026-09-21,scholarly publication or book,"Primary publisher, proceedings, DOI, or arXiv record; title/authors/year/venue and manuscript use reviewed","Citation and reading notes only; no code, figures, models, or data imported","Representation-identifiability or geometric-learning context; used to delimit the transformation class, population assumptions, and optimizer quantifier. No empirical result or nonlinear guarantee is transferred.",no
Contrastive Learning Inverts the Data Generating Process,https://proceedings.mlr.press/v139/zimmermann21a.html,Rights remain with original rights holders; no article redistributed,2026-09-21,scholarly publication or book,"Primary publisher, proceedings, DOI, or arXiv record; title/authors/year/venue and manuscript use reviewed","Citation and reading notes only; no code, figures, models, or data imported","Representation-identifiability or geometric-learning context; used to delimit the transformation class, population assumptions, and optimizer quantifier. No empirical result or nonlinear guarantee is transferred.",no
A Flexible New Technique for Camera Calibration,https://doi.org/10.1109/34.888718,Rights remain with original rights holders; no article redistributed,2026-09-21,scholarly publication or book,"Primary publisher, proceedings, DOI, or arXiv record; title/authors/year/venue and manuscript use reviewed","Citation and reading notes only; no code, figures, models, or data imported",Camera-calibration context; used to make explicit that calibration is assumed rather than estimated. No perspective-camera or calibration guarantee is transferred.,no
Collective Matrix Completion,https://jmlr.org/papers/v20/18-483.html,Rights remain with original rights holders; no article redistributed,2026-09-21,scholarly publication,Primary scholarly record reviewed during related-work screening,Screened but removed from the final bibliography to avoid peripheral citation padding,Related-work screening only; not used to support a final manuscript claim,no
"Perturbation Bounds for Procrustes, Classical Scaling, and Trilateration, with Applications to Manifold Learning",https://jmlr.org/papers/v21/18-720.html,Rights remain with original rights holders; no article redistributed,2026-09-21,scholarly publication,Primary scholarly record reviewed during related-work screening,Screened but removed from the final bibliography to avoid peripheral citation padding,Related-work screening only; not used to support a final manuscript claim,no
Near-Optimal Weighted Matrix Completion,https://jmlr.org/papers/v24/22-0331.html,Rights remain with original rights holders; no article redistributed,2026-09-21,scholarly publication,Primary scholarly record reviewed during related-work screening,Screened but removed from the final bibliography to avoid peripheral citation padding,Related-work screening only; not used to support a final manuscript claim,no
Regression on Fixed-Rank Positive Semidefinite Matrices: A Riemannian Approach,https://jmlr.org/papers/v12/meyer11a.html,Rights remain with original rights holders; no article redistributed,2026-09-21,scholarly publication,Primary scholarly record reviewed during related-work screening,Screened but removed from the final bibliography to avoid peripheral citation padding,Related-work screening only; not used to support a final manuscript claim,no
A Unifying Framework in Vector-Valued Reproducing Kernel Hilbert Spaces for Manifold Regularization and Co-Regularized Multi-View Learning,https://jmlr.org/papers/v17/14-036.html,Rights remain with original rights holders; no article redistributed,2026-09-21,scholarly publication,Primary scholarly record reviewed during related-work screening,Screened but removed from the final bibliography to avoid peripheral citation padding,Related-work screening only; not used to support a final manuscript claim,no
JMLR author information,https://jmlr.org/author-info.html,Official web content; not redistributed,2026-09-21,venue rules,Live first-party browser retrieval,Workflow rule verification only; not manuscript literature,"Initial style, scope, page guidance, upload size, authorship, and cover-letter requirements",no
JMLR style file,https://github.com/JmlrOrg/jmlr-style-file,Upstream header retained; no replacement license asserted,2026-09-21,publisher style,User-supplied matched template and official style-family comparison,Unmodified jmlr2e.sty in paper only,Official-style rendering; not scientific evidence,no
