bib_key,entry_type,title,authors,year,venue,primary_record,record_type,metadata_status,manuscript_citation,manuscript_role,last_verified,redistribution,notes
argyriou2009representer,article,When Is There a Representer Theorem? Vector Versus Matrix Regularizers,Andreas Argyriou and Charles A. Micchelli and Massimiliano Pontil,2009,Journal of Machine Learning Research,https://jmlr.org/papers/v10/argyriou09a.html,scholarly publication,primary_publisher_record_reverified_2026-09-21,main.tex:69,"Matrix-learning, completion, regularization, or optimization context; used to distinguish missing-data and landscape guarantees from complete-view calibration-slack ambiguity. No recovery theorem is imported.",2026-09-21,"Citation and reading notes only; no code, figures, models, or data imported",No bibliographic anomaly recorded.
arun1987least,article,Least-Squares Fitting of Two {3-D} Point Sets,K. S. Arun and Thomas S. Huang and Steven D. Blostein,1987,IEEE Transactions on Pattern Analysis and Machine Intelligence,https://doi.org/10.1109/TPAMI.1987.4767965,scholarly publication,persistent_identifier_record_reverified_2026-09-21,main.tex:76,"Alignment, synchronization, or registration context; used to distinguish full-dimensional local coordinates or pairwise transforms from two-dimensional orthographic decoder blocks.",2026-09-21,"Citation and reading notes only; no code, figures, models, or data imported",No bibliographic anomaly recorded.
arora2019implicit,inproceedings,Implicit Regularization in Deep Matrix Factorization,Sanjeev Arora and Nadav Cohen and Wei Hu and Yuping Luo,2019,Advances in Neural Information Processing Systems,https://arxiv.org/abs/1905.13655,scholarly publication,primary_preprint_record_reverified_2026-09-21,main.tex:69,"Matrix-learning, completion, regularization, or optimization context; used to distinguish missing-data and landscape guarantees from complete-view calibration-slack ambiguity. No recovery theorem is imported.",2026-09-21,"Citation and reading notes only; no code, figures, models, or data imported",No bibliographic anomaly recorded.
balcan2019duality,article,Non-Convex Matrix Completion and Related Problems via Strong Duality,Maria-Florina Balcan and Yingyu Liang and Zhao Song and David P. Woodruff and Hongyang Zhang,2019,Journal of Machine Learning Research,https://jmlr.org/papers/v20/17-611.html,scholarly publication,primary_publisher_record_reverified_2026-09-21,main.tex:71,"Matrix-learning, completion, regularization, or optimization context; used to distinguish missing-data and landscape guarantees from complete-view calibration-slack ambiguity. No recovery theorem is imported.",2026-09-21,"Citation and reading notes only; no code, figures, models, or data imported",No bibliographic anomaly recorded.
bandeira2017tightness,article,Tightness of the Maximum Likelihood Semidefinite Relaxation for Angular Synchronization,Afonso S. Bandeira and Nicolas Boumal and Amit Singer,2017,Mathematical Programming,https://doi.org/10.1007/s10107-016-1059-6,scholarly publication,persistent_identifier_record_reverified_2026-09-21,main.tex:76,"Alignment, synchronization, or registration context; used to distinguish full-dimensional local coordinates or pairwise transforms from two-dimensional orthographic decoder blocks.",2026-09-21,"Citation and reading notes only; no code, figures, models, or data imported",No bibliographic anomaly recorded.
benhamza2026identifiable,article,Identifiable Multimodal Causal Representation Learning under Partial Latent Sharing,Manal Benhamza and Marianne Clausel and Myriam Tami,2026,arXiv preprint arXiv:2605.19135,https://arxiv.org/abs/2605.19135,scholarly publication,current_primary_record_verified_2026-09-21,main.tex:67,"Representation-identifiability or geometric-learning context; used to delimit the transformation class, population assumptions, and optimizer quantifier. No empirical result or nonlinear guarantee is transferred.",2026-09-21,"Citation and reading notes only; no code, figures, models, or data imported",No bibliographic anomaly recorded.
bhojanapalli2016global,inproceedings,Global Optimality of Local Search for Low Rank Matrix Recovery,Srinadh Bhojanapalli and Behnam Neyshabur and Nati Srebro,2016,Advances in Neural Information Processing Systems,https://arxiv.org/abs/1605.07221,scholarly publication,primary_preprint_record_reverified_2026-09-21,main.tex:71,"Matrix-learning, completion, regularization, or optimization context; used to distinguish missing-data and landscape guarantees from complete-view calibration-slack ambiguity. No recovery theorem is imported.",2026-09-21,"Citation and reading notes only; no code, figures, models, or data imported",No bibliographic anomaly recorded.
bregler2000nonrigid,inproceedings,Recovering Non-Rigid {3D} Shape from Image Streams,Christoph Bregler and Aaron Hertzmann and Henning Biermann,2000,Proceedings of the IEEE Conference on Computer Vision and Pattern Recognition,https://ieeexplore.ieee.org/document/854941/,scholarly publication,primary_publisher_record_reverified_2026-09-21,main.tex:74,Classical structure-from-motion or factorization context; used to delimit the width-three metric-upgrade baseline and complete-view assumptions. No novelty is assigned to the classical reconstruction step.,2026-09-21,"Citation and reading notes only; no code, figures, models, or data imported",No bibliographic anomaly recorded.
cai2026vlm3,article,{VLM3}: Vision Language Models Are Native {3D} Learners,Zhipeng Cai and Zhuang Liu and Yunyang Xiong and Zechun Liu and Vikas Chandra and Yangyang Shi,2026,arXiv preprint arXiv:2605.30561,https://arxiv.org/abs/2605.30561,scholarly publication,current_primary_record_verified_2026-09-21,main.tex:64,"Representation-identifiability or geometric-learning context; used to delimit the transformation class, population assumptions, and optimizer quantifier. No empirical result or nonlinear guarantee is transferred.",2026-09-21,"Citation and reading notes only; no code, figures, models, or data imported",No bibliographic anomaly recorded.
candes2009exact,article,Exact Matrix Completion via Convex Optimization,Emmanuel J. Cand{\`e}s and Benjamin Recht,2009,Foundations of Computational Mathematics,https://doi.org/10.1007/s10208-009-9045-5,scholarly publication,persistent_identifier_record_reverified_2026-09-21,main.tex:71,"Matrix-learning, completion, regularization, or optimization context; used to distinguish missing-data and landscape guarantees from complete-view calibration-slack ambiguity. No recovery theorem is imported.",2026-09-21,"Citation and reading notes only; no code, figures, models, or data imported",No bibliographic anomaly recorded.
candes2010noise,article,Matrix Completion with Noise,Emmanuel J. Cand{\`e}s and Yaniv Plan,2010,Proceedings of the IEEE,https://doi.org/10.1109/JPROC.2009.2035722,scholarly publication,persistent_identifier_record_reverified_2026-09-21,main.tex:71,"Matrix-learning, completion, regularization, or optimization context; used to distinguish missing-data and landscape guarantees from complete-view calibration-slack ambiguity. No recovery theorem is imported.",2026-09-21,"Citation and reading notes only; no code, figures, models, or data imported",No bibliographic anomaly recorded.
chaudhury2014registration,article,Global Registration of Multiple Point Clouds Using Semidefinite Programming,Kunal N. Chaudhury and Yuehaw Khoo and Amit Singer,2015,SIAM Journal on Optimization,https://arxiv.org/abs/1306.5226,scholarly publication,primary_preprint_record_reverified_2026-09-21,main.tex:76,"Alignment, synchronization, or registration context; used to distinguish full-dimensional local coordinates or pairwise transforms from two-dimensional orthographic decoder blocks.",2026-09-21,"Citation and reading notes only; no code, figures, models, or data imported",BibTeX key predates final 2015 journal publication; year field is 2015.
chen2015completing,article,"Completing Any Low-Rank Matrix, Provably",Yudong Chen and Srinadh Bhojanapalli and Sujay Sanghavi and Rachel Ward,2015,Journal of Machine Learning Research,https://jmlr.org/papers/v16/chen15b.html,scholarly publication,primary_publisher_record_reverified_2026-09-21,main.tex:71,"Matrix-learning, completion, regularization, or optimization context; used to distinguish missing-data and landscape guarantees from complete-view calibration-slack ambiguity. No recovery theorem is imported.",2026-09-21,"Citation and reading notes only; no code, figures, models, or data imported",No bibliographic anomaly recorded.
chen2022nonconvex,article,Nonconvex Matrix Completion with Linearly Parameterized Factors,Ji Chen and Xiaodong Li and Zongming Ma,2022,Journal of Machine Learning Research,https://jmlr.org/papers/v23/21-1148.html,scholarly publication,primary_publisher_record_reverified_2026-09-21,main.tex:71,"Matrix-learning, completion, regularization, or optimization context; used to distinguish missing-data and landscape guarantees from complete-view calibration-slack ambiguity. No recovery theorem is imported.",2026-09-21,"Citation and reading notes only; no code, figures, models, or data imported",No bibliographic anomaly recorded.
connelly2005generic,article,Generic Global Rigidity,Robert Connelly,2005,Discrete \& Computational Geometry,https://doi.org/10.1007/s00454-004-1124-4,scholarly publication,persistent_identifier_record_reverified_2026-09-21,main.tex:78,Rigidity or algebraic-identifiability context; used to distinguish uniqueness of a measurement map from selection among exact fits by a specified regularized learner.,2026-09-21,"Citation and reading notes only; no code, figures, models, or data imported",No bibliographic anomaly recorded.
costeira1998multibody,article,A Multibody Factorization Method for Independently Moving Objects,Jo{\~a}o Paulo Costeira and Takeo Kanade,1998,International Journal of Computer Vision,https://doi.org/10.1023/A:1008000628999,scholarly publication,persistent_identifier_record_reverified_2026-09-21,main.tex:74,Classical structure-from-motion or factorization context; used to delimit the width-three metric-upgrade baseline and complete-view assumptions. No novelty is assigned to the classical reconstruction step.,2026-09-21,"Citation and reading notes only; no code, figures, models, or data imported",No bibliographic anomaly recorded.
cruickshank2026hypergraph,article,Identifiability of Points and Rigidity of Hypergraphs under Algebraic Constraints,James Cruickshank and Fatemeh Mohammadi and Anthony Nixon and Shin-ichi Tanigawa,2026,Journal of the London Mathematical Society,https://doi.org/10.1112/jlms.70633,scholarly publication,current_primary_record_verified_2026-09-21,main.tex:78,Rigidity or algebraic-identifiability context; used to distinguish uniqueness of a measurement map from selection among exact fits by a specified regularized learner.,2026-09-21,"Citation and reading notes only; no code, figures, models, or data imported",No bibliographic anomaly recorded.
daunhawer2023identifiability,inproceedings,Identifiability Results for Multimodal Contrastive Learning,Imant Daunhawer and Alice Bizeul and Emanuele Palumbo and Alexander Marx and Julia E. Vogt,2023,International Conference on Learning Representations,https://arxiv.org/abs/2303.09166,scholarly publication,primary_preprint_record_reverified_2026-09-21,main.tex:67,"Representation-identifiability or geometric-learning context; used to delimit the transformation class, population assumptions, and optimizer quantifier. No empirical result or nonlinear guarantee is transferred.",2026-09-21,"Citation and reading notes only; no code, figures, models, or data imported",No bibliographic anomaly recorded.
davis1970rotation,article,The Rotation of Eigenvectors by a Perturbation. III,Chandler Davis and William M. Kahan,1970,SIAM Journal on Numerical Analysis,https://doi.org/10.1137/0707001,scholarly publication,persistent_identifier_record_reverified_2026-09-21,main.tex:80,Perturbation-analysis context; used to contrast subspace or reconstruction stability with stability of the optimizer of the declared interpolation objective.,2026-09-21,"Citation and reading notes only; no code, figures, models, or data imported",No bibliographic anomaly recorded.
ge2017nospurious,inproceedings,No Spurious Local Minima in Nonconvex Low Rank Problems: A Unified Geometric Analysis,Rong Ge and Chi Jin and Yi Zheng,2017,Proceedings of the 34th International Conference on Machine Learning,https://proceedings.mlr.press/v70/ge17a.html,scholarly publication,primary_proceedings_record_reverified_2026-09-21,main.tex:71,"Matrix-learning, completion, regularization, or optimization context; used to distinguish missing-data and landscape guarantees from complete-view calibration-slack ambiguity. No recovery theorem is imported.",2026-09-21,"Citation and reading notes only; no code, figures, models, or data imported",No bibliographic anomaly recorded.
goldberg2008normalization,article,Manifold Learning: The Price of Normalization,Yair Goldberg and Alon Zakai and Dan Kushnir and Ya'acov Ritov,2008,Journal of Machine Learning Research,https://jmlr.org/papers/v9/goldberg08a.html,scholarly publication,primary_publisher_record_reverified_2026-09-21,main.tex:69,"Matrix-learning, completion, regularization, or optimization context; used to distinguish missing-data and landscape guarantees from complete-view calibration-slack ambiguity. No recovery theorem is imported.",2026-09-21,"Citation and reading notes only; no code, figures, models, or data imported",JMLR article number 63 restored during blind audit.
gortler2010characterizing,article,Characterizing Generic Global Rigidity,Steven J. Gortler and Alexander D. Healy and Dylan P. Thurston,2010,American Journal of Mathematics,https://doi.org/10.1353/ajm.0.0132,scholarly publication,persistent_identifier_record_reverified_2026-09-21,main.tex:78,Rigidity or algebraic-identifiability context; used to distinguish uniqueness of a measurement map from selection among exact fits by a specified regularized learner.,2026-09-21,"Citation and reading notes only; no code, figures, models, or data imported",No bibliographic anomaly recorded.
gower1975generalized,article,Generalized {Procrustes} Analysis,John C. Gower,1975,Psychometrika,https://doi.org/10.1007/BF02291478,scholarly publication,persistent_identifier_record_reverified_2026-09-21,main.tex:76,"Alignment, synchronization, or registration context; used to distinguish full-dimensional local coordinates or pairwise transforms from two-dimensional orthographic decoder blocks.",2026-09-21,"Citation and reading notes only; no code, figures, models, or data imported",No bibliographic anomaly recorded.
gresele2020rosetta,inproceedings,The Incomplete Rosetta Stone Problem: Identifiability Results for Multi-View Nonlinear {ICA},"Luigi Gresele and Paul K. Rubenstein and Arash Mehrjou and Francesco Locatello and Bernhard Sch{\""o}lkopf",2020,Proceedings of the 35th Conference on Uncertainty in Artificial Intelligence,https://proceedings.mlr.press/v115/gresele20a.html,scholarly publication,primary_proceedings_record_reverified_2026-09-21,main.tex:67,"Representation-identifiability or geometric-learning context; used to delimit the transformation class, population assumptions, and optimizer quantifier. No empirical result or nonlinear guarantee is transferred.",2026-09-21,"Citation and reading notes only; no code, figures, models, or data imported",No bibliographic anomaly recorded.
gunasekar2017implicit,inproceedings,Implicit Regularization in Matrix Factorization,Suriya Gunasekar and Blake Woodworth and Srinadh Bhojanapalli and Behnam Neyshabur and Nati Srebro,2017,Advances in Neural Information Processing Systems,https://arxiv.org/abs/1705.09280,scholarly publication,primary_preprint_record_reverified_2026-09-21,main.tex:69,"Matrix-learning, completion, regularization, or optimization context; used to distinguish missing-data and landscape guarantees from complete-view calibration-slack ambiguity. No recovery theorem is imported.",2026-09-21,"Citation and reading notes only; no code, figures, models, or data imported",No bibliographic anomaly recorded.
hartley2004multiple,book,Multiple View Geometry in Computer Vision,Richard Hartley and Andrew Zisserman,2004,Cambridge University Press,https://doi.org/10.1017/CBO9780511811685,scholarly publication,persistent_identifier_record_reverified_2026-09-21,main.tex:74,Classical structure-from-motion or factorization context; used to delimit the width-three metric-upgrade baseline and complete-view assumptions. No novelty is assigned to the classical reconstruction step.,2026-09-21,"Citation and reading notes only; no code, figures, models, or data imported",No bibliographic anomaly recorded.
horn1987closed,article,Closed-Form Solution of Absolute Orientation Using Unit Quaternions,Berthold K. P. Horn,1987,Journal of the Optical Society of America A,https://doi.org/10.1364/JOSAA.4.000629,scholarly publication,persistent_identifier_record_reverified_2026-09-21,main.tex:76,"Alignment, synchronization, or registration context; used to distinguish full-dimensional local coordinates or pairwise transforms from two-dimensional orthographic decoder blocks.",2026-09-21,"Citation and reading notes only; no code, figures, models, or data imported",No bibliographic anomaly recorded.
hyvarinen2016time,inproceedings,Unsupervised Feature Extraction by Time-Contrastive Learning and Nonlinear {ICA},"Aapo Hyv{\""a}rinen and Hiroshi Morioka",2016,Advances in Neural Information Processing Systems,https://arxiv.org/abs/1605.06336,scholarly publication,primary_preprint_record_reverified_2026-09-21,main.tex:67,"Representation-identifiability or geometric-learning context; used to delimit the transformation class, population assumptions, and optimizer quantifier. No empirical result or nonlinear guarantee is transferred.",2026-09-21,"Citation and reading notes only; no code, figures, models, or data imported",No bibliographic anomaly recorded.
hyvarinen2019auxiliary,inproceedings,Nonlinear {ICA} Using Auxiliary Variables and Generalized Contrastive Learning,"Aapo Hyv{\""a}rinen and Hiroaki Sasaki and Richard Turner",2019,Proceedings of the Twenty-Second International Conference on Artificial Intelligence and Statistics,https://proceedings.mlr.press/v89/hyvarinen19a.html,scholarly publication,primary_proceedings_record_reverified_2026-09-21,main.tex:67,"Representation-identifiability or geometric-learning context; used to delimit the transformation class, population assumptions, and optimizer quantifier. No empirical result or nonlinear guarantee is transferred.",2026-09-21,"Citation and reading notes only; no code, figures, models, or data imported",No bibliographic anomaly recorded.
khemakhem2020vae,inproceedings,Variational Autoencoders and Nonlinear {ICA}: A Unifying Framework,"Ilyes Khemakhem and Diederik Kingma and Ricardo Monti and Aapo Hyv{\""a}rinen",2020,Proceedings of the Twenty-Third International Conference on Artificial Intelligence and Statistics,https://proceedings.mlr.press/v108/khemakhem20a.html,scholarly publication,primary_proceedings_record_reverified_2026-09-21,main.tex:67,"Representation-identifiability or geometric-learning context; used to delimit the transformation class, population assumptions, and optimizer quantifier. No empirical result or nonlinear guarantee is transferred.",2026-09-21,"Citation and reading notes only; no code, figures, models, or data imported",No bibliographic anomaly recorded.
kiraly2015algebraic,article,The Algebraic Combinatorial Approach for Low-Rank Matrix Completion,Franz J. Kir{\'{a}}ly and Louis Theran and Ryota Tomioka,2015,Journal of Machine Learning Research,https://jmlr.org/papers/v16/kiraly15a.html,scholarly publication,primary_publisher_record_reverified_2026-09-21,main.tex:71,"Matrix-learning, completion, regularization, or optimization context; used to distinguish missing-data and landscape guarantees from complete-view calibration-slack ambiguity. No recovery theorem is imported.",2026-09-21,"Citation and reading notes only; no code, figures, models, or data imported",JMLR article number 41 retained with volume and pages.
knill2007ullman,article,On {Ullman's} Theorem in Computer Vision,Oliver Knill and Jose Ramirez-Herran,2007,arXiv preprint arXiv:0708.2438,https://arxiv.org/abs/0708.2438,scholarly publication,primary_preprint_record_reverified_2026-09-21,main.tex:74,Classical structure-from-motion or factorization context; used to delimit the width-three metric-upgrade baseline and complete-view assumptions. No novelty is assigned to the classical reconstruction step.,2026-09-21,"Citation and reading notes only; no code, figures, models, or data imported",No bibliographic anomaly recorded.
koenderink1991affine,article,Affine Structure from Motion,Jan J. Koenderink and Andrea J. van Doorn,1991,Journal of the Optical Society of America A,https://doi.org/10.1364/JOSAA.8.000377,scholarly publication,persistent_identifier_record_reverified_2026-09-21,main.tex:74,Classical structure-from-motion or factorization context; used to delimit the width-three metric-upgrade baseline and complete-view assumptions. No novelty is assigned to the classical reconstruction step.,2026-09-21,"Citation and reading notes only; no code, figures, models, or data imported",No bibliographic anomaly recorded.
kutyniok2012scalable,article,Scalable Frames,Gitta Kutyniok and Kasso A. Okoudjou and Friedrich Philipp and Elizabeth K. Tuley,2013,Linear Algebra and its Applications,https://arxiv.org/abs/1204.1880,scholarly publication,primary_preprint_record_reverified_2026-09-21,main.tex:80,"Semidefinite-cone or scalable-frame context; used as an acknowledged geometric antecedent for the wide-model covariance cone, not as a source of the width-four theorem.",2026-09-21,"Citation and reading notes only; no code, figures, models, or data imported",BibTeX key predates 2013 volume publication; year field is 2013.
locatello2019challenging,inproceedings,Challenging Common Assumptions in the Unsupervised Learning of Disentangled Representations,"Francesco Locatello and Stefan Bauer and Mario Lucic and Gunnar Raetsch and Sylvain Gelly and Bernhard Sch{\""o}lkopf and Olivier Bachem",2019,Proceedings of the 36th International Conference on Machine Learning,https://proceedings.mlr.press/v97/locatello19a.html,scholarly publication,primary_proceedings_record_reverified_2026-09-21,main.tex:67,"Representation-identifiability or geometric-learning context; used to delimit the transformation class, population assumptions, and optimizer quantifier. No empirical result or nonlinear guarantee is transferred.",2026-09-21,"Citation and reading notes only; no code, figures, models, or data imported",No bibliographic anomaly recorded.
lyu2022understanding,inproceedings,Understanding Latent Correlation-Based Multiview Learning and Self-Supervision: An Identifiability Perspective,Qi Lyu and Xiao Fu and Weiran Wang and Songtao Lu,2022,International Conference on Learning Representations,https://arxiv.org/abs/2106.07115,scholarly publication,primary_preprint_record_reverified_2026-09-21,main.tex:67,"Representation-identifiability or geometric-learning context; used to delimit the transformation class, population assumptions, and optimizer quantifier. No empirical result or nonlinear guarantee is transferred.",2026-09-21,"Citation and reading notes only; no code, figures, models, or data imported",No bibliographic anomaly recorded.
nelson2026statistical,inproceedings,Statistical and Structural Identifiability in Representation Learning,Walter Nelson and Marco Fumero and Theofanis Karaletsos and Francesco Locatello,2026,International Conference on Learning Representations,https://arxiv.org/abs/2603.11970,scholarly publication,current_primary_record_verified_2026-09-21,main.tex:67,"Representation-identifiability or geometric-learning context; used to delimit the transformation class, population assumptions, and optimizer quantifier. No empirical result or nonlinear guarantee is transferred.",2026-09-21,"Citation and reading notes only; no code, figures, models, or data imported",No bibliographic anomaly recorded.
pachauri2013multiway,inproceedings,Solving the Multi-Way Matching Problem by Permutation Synchronization,Deepti Pachauri and Risi Kondor and Vikas Singh,2013,Advances in Neural Information Processing Systems,https://proceedings.neurips.cc/paper/2013/hash/3df1d4b96d8976ff5986393e8767f5b2-Abstract.html,scholarly publication,primary_proceedings_record_reverified_2026-09-21,main.tex:76,"Alignment, synchronization, or registration context; used to distinguish full-dimensional local coordinates or pairwise transforms from two-dimensional orthographic decoder blocks.",2026-09-21,"Citation and reading notes only; no code, figures, models, or data imported",No bibliographic anomaly recorded.
poelman1997paraperspective,article,A Paraperspective Factorization Method for Shape and Motion Recovery,Cornelis J. Poelman and Takeo Kanade,1997,IEEE Transactions on Pattern Analysis and Machine Intelligence,https://doi.org/10.1109/34.584098,scholarly publication,persistent_identifier_record_reverified_2026-09-21,main.tex:74,Classical structure-from-motion or factorization context; used to delimit the width-three metric-upgrade baseline and complete-view assumptions. No novelty is assigned to the classical reconstruction step.,2026-09-21,"Citation and reading notes only; no code, figures, models, or data imported",No bibliographic anomaly recorded.
recht2011simpler,article,A Simpler Approach to Matrix Completion,Benjamin Recht,2011,Journal of Machine Learning Research,https://jmlr.org/papers/v12/recht11a.html,scholarly publication,primary_publisher_record_reverified_2026-09-21,main.tex:71,"Matrix-learning, completion, regularization, or optimization context; used to distinguish missing-data and landscape guarantees from complete-view calibration-slack ambiguity. No recovery theorem is imported.",2026-09-21,"Citation and reading notes only; no code, figures, models, or data imported",No bibliographic anomaly recorded.
roeder2021linear,inproceedings,On Linear Identifiability of Learned Representations,Geoffrey Roeder and Luke Metz and Durk Kingma,2021,Proceedings of the 38th International Conference on Machine Learning,https://proceedings.mlr.press/v139/roeder21a.html,scholarly publication,primary_proceedings_record_reverified_2026-09-21,main.tex:67,"Representation-identifiability or geometric-learning context; used to delimit the transformation class, population assumptions, and optimizer quantifier. No empirical result or nonlinear guarantee is transferred.",2026-09-21,"Citation and reading notes only; no code, figures, models, or data imported",Author corrected to Durk Kingma from the official PMLR record during blind audit.
rosen2019sesync,article,{SE-Sync}: A Certifiably Correct Algorithm for Synchronization over the Special Euclidean Group,David M. Rosen and Luca Carlone and Afonso S. Bandeira and John J. Leonard,2019,The International Journal of Robotics Research,https://doi.org/10.1177/0278364918784361,scholarly publication,persistent_identifier_record_reverified_2026-09-21,main.tex:76,"Alignment, synchronization, or registration context; used to distinguish full-dimensional local coordinates or pairwise transforms from two-dimensional orthographic decoder blocks.",2026-09-21,"Citation and reading notes only; no code, figures, models, or data imported",No bibliographic anomaly recorded.
saunderson2012diagonal,article,"Diagonal and Low-Rank Matrix Decompositions, Correlation Matrices, and Ellipsoid Fitting",James Saunderson and Venkat Chandrasekaran and Pablo A. Parrilo and Alan S. Willsky,2012,SIAM Journal on Matrix Analysis and Applications,https://doi.org/10.1137/120872516,scholarly publication,persistent_identifier_record_reverified_2026-09-21,main.tex:80,"Semidefinite-cone or scalable-frame context; used as an acknowledged geometric antecedent for the wide-model covariance cone, not as a source of the width-four theorem.",2026-09-21,"Citation and reading notes only; no code, figures, models, or data imported",No bibliographic anomaly recorded.
schonemann1966generalized,article,A Generalized Solution of the Orthogonal {Procrustes} Problem,"Peter H. Sch{\""o}nemann",1966,Psychometrika,https://doi.org/10.1007/BF02289451,scholarly publication,persistent_identifier_record_reverified_2026-09-21,main.tex:76,"Alignment, synchronization, or registration context; used to distinguish full-dimensional local coordinates or pairwise transforms from two-dimensional orthographic decoder blocks.",2026-09-21,"Citation and reading notes only; no code, figures, models, or data imported",No bibliographic anomaly recorded.
singer2011angular,article,Angular Synchronization by Eigenvectors and Semidefinite Programming,Amit Singer,2011,Applied and Computational Harmonic Analysis,https://doi.org/10.1016/j.acha.2010.02.001,scholarly publication,persistent_identifier_record_reverified_2026-09-21,main.tex:76,"Alignment, synchronization, or registration context; used to distinguish full-dimensional local coordinates or pairwise transforms from two-dimensional orthographic decoder blocks.",2026-09-21,"Citation and reading notes only; no code, figures, models, or data imported",No bibliographic anomaly recorded.
singh2019networks,article,On Uniquely Registrable Networks,Aditya V. Singh and Kunal N. Chaudhury,2020,IEEE Transactions on Network Science and Engineering,https://arxiv.org/abs/1906.09714,scholarly publication,primary_preprint_record_reverified_2026-09-21,main.tex:76,"Alignment, synchronization, or registration context; used to distinguish full-dimensional local coordinates or pairwise transforms from two-dimensional orthographic decoder blocks.",2026-09-21,"Citation and reading notes only; no code, figures, models, or data imported",BibTeX key follows preprint chronology; journal year field is 2020.
squires2023linear,inproceedings,Linear Causal Disentanglement via Interventions,Chandler Squires and Anna Seigal and Salil S. Bhate and Caroline Uhler,2023,Proceedings of the 40th International Conference on Machine Learning,https://proceedings.mlr.press/v202/squires23a.html,scholarly publication,primary_proceedings_record_reverified_2026-09-21,main.tex:67,"Representation-identifiability or geometric-learning context; used to delimit the transformation class, population assumptions, and optimizer quantifier. No empirical result or nonlinear guarantee is transferred.",2026-09-21,"Citation and reading notes only; no code, figures, models, or data imported",Middle initial restored from the official PMLR record during blind audit.
sturm1996factorization,inproceedings,A Factorization Based Algorithm for Multi-Image Projective Structure and Motion,Peter Sturm and Bill Triggs,1996,Computer Vision---ECCV '96,https://link.springer.com/chapter/10.1007/3-540-61123-1_183,scholarly publication,primary_publisher_record_reverified_2026-09-21,main.tex:74,Classical structure-from-motion or factorization context; used to delimit the width-three metric-upgrade baseline and complete-view assumptions. No novelty is assigned to the classical reconstruction step.,2026-09-21,"Citation and reading notes only; no code, figures, models, or data imported",No bibliographic anomaly recorded.
tomasi1992shape,article,Shape and Motion from Image Streams under Orthography: A Factorization Method,Carlo Tomasi and Takeo Kanade,1992,International Journal of Computer Vision,https://doi.org/10.1007/BF00129684,scholarly publication,persistent_identifier_record_reverified_2026-09-21,main.tex:74,Classical structure-from-motion or factorization context; used to delimit the width-three metric-upgrade baseline and complete-view assumptions. No novelty is assigned to the classical reconstruction step.,2026-09-21,"Citation and reading notes only; no code, figures, models, or data imported",No bibliographic anomaly recorded.
ullman1979interpretation,article,The Interpretation of Structure from Motion,Shimon Ullman,1979,"Proceedings of the Royal Society of London. Series B, Biological Sciences",https://doi.org/10.1098/rspb.1979.0006,scholarly publication,persistent_identifier_record_reverified_2026-09-21,main.tex:74,Classical structure-from-motion or factorization context; used to delimit the width-three metric-upgrade baseline and complete-view assumptions. No novelty is assigned to the classical reconstruction step.,2026-09-21,"Citation and reading notes only; no code, figures, models, or data imported",No bibliographic anomaly recorded.
vonkugelgen2021selfsupervised,inproceedings,Self-Supervised Learning with Data Augmentations Provably Isolates Content from Style,"Julius von K{\""u}gelgen and Yash Sharma and Luigi Gresele and Wieland Brendel and Bernhard Sch{\""o}lkopf and Michel Besserve and Francesco Locatello",2021,Advances in Neural Information Processing Systems,https://arxiv.org/abs/2106.04619,scholarly publication,primary_preprint_record_reverified_2026-09-21,main.tex:67,"Representation-identifiability or geometric-learning context; used to delimit the transformation class, population assumptions, and optimizer quantifier. No empirical result or nonlinear guarantee is transferred.",2026-09-21,"Citation and reading notes only; no code, figures, models, or data imported",No bibliographic anomaly recorded.
wedin1972perturbation,article,Perturbation Bounds in Connection with Singular Value Decomposition,"Wedin, Per-{\AA}ke",1972,BIT Numerical Mathematics,https://doi.org/10.1007/BF01932678,scholarly publication,persistent_identifier_record_reverified_2026-09-21,main.tex:80,Perturbation-analysis context; used to contrast subspace or reconstruction stability with stability of the optimizer of the declared interpolation objective.,2026-09-21,"Citation and reading notes only; no code, figures, models, or data imported",No bibliographic anomaly recorded.
yao2024partial,inproceedings,Multi-View Causal Representation Learning with Partial Observability,"Dingling Yao and Danru Xu and S{\'{e}}bastien Lachapelle and Sara Magliacane and Perouz Taslakian and Georg Martius and Julius von K{\""u}gelgen and Francesco Locatello",2024,International Conference on Learning Representations,https://arxiv.org/abs/2311.04056,scholarly publication,primary_preprint_record_reverified_2026-09-21,main.tex:67,"Representation-identifiability or geometric-learning context; used to delimit the transformation class, population assumptions, and optimizer quantifier. No empirical result or nonlinear guarantee is transferred.",2026-09-21,"Citation and reading notes only; no code, figures, models, or data imported",No bibliographic anomaly recorded.
zimmermann2021contrastive,inproceedings,Contrastive Learning Inverts the Data Generating Process,Roland S. Zimmermann and Yash Sharma and Steffen Schneider and Matthias Bethge and Wieland Brendel,2021,Proceedings of the 38th International Conference on Machine Learning,https://proceedings.mlr.press/v139/zimmermann21a.html,scholarly publication,primary_proceedings_record_reverified_2026-09-21,main.tex:67,"Representation-identifiability or geometric-learning context; used to delimit the transformation class, population assumptions, and optimizer quantifier. No empirical result or nonlinear guarantee is transferred.",2026-09-21,"Citation and reading notes only; no code, figures, models, or data imported",No bibliographic anomaly recorded.
zhang2000flexible,article,A Flexible New Technique for Camera Calibration,Zhengyou Zhang,2000,IEEE Transactions on Pattern Analysis and Machine Intelligence,https://doi.org/10.1109/34.888718,scholarly publication,persistent_identifier_record_reverified_2026-09-21,main.tex:74,Camera-calibration context; used to make explicit that calibration is assumed rather than estimated. No perspective-camera or calibration guarantee is transferred.,2026-09-21,"Citation and reading notes only; no code, figures, models, or data imported",No bibliographic anomaly recorded.
