bib_key,primary_record,live_check_date,record_status,publication_status,metadata_match_after_correction,citation_use_assessment,changes_made,scope_note
argyriou2009representer,https://jmlr.org/papers/v10/argyriou09a.html,2026-09-21,primary_or_persistent_record_resolved; title/authors/year/venue checked,peer_reviewed_journal,yes,contextual_boundary_citation,none,record and manuscript role audited; this is not an exhaustive novelty or priority determination
arun1987least,https://doi.org/10.1109/TPAMI.1987.4767965,2026-09-21,primary_or_persistent_record_resolved; title/authors/year/venue checked,peer_reviewed_journal,yes,contextual_boundary_citation,none,record and manuscript role audited; this is not an exhaustive novelty or priority determination
arora2019implicit,https://arxiv.org/abs/1905.13655,2026-09-21,primary_or_persistent_record_resolved; title/authors/year/venue checked,peer_reviewed_conference,yes,contextual_boundary_citation,none,record and manuscript role audited; this is not an exhaustive novelty or priority determination
balcan2019duality,https://jmlr.org/papers/v20/17-611.html,2026-09-21,primary_or_persistent_record_resolved; title/authors/year/venue checked,peer_reviewed_journal,yes,contextual_boundary_citation,none,record and manuscript role audited; this is not an exhaustive novelty or priority determination
bandeira2017tightness,https://doi.org/10.1007/s10107-016-1059-6,2026-09-21,primary_or_persistent_record_resolved; title/authors/year/venue checked,peer_reviewed_journal,yes,contextual_boundary_citation,none,record and manuscript role audited; this is not an exhaustive novelty or priority determination
benhamza2026identifiable,https://arxiv.org/abs/2605.19135,2026-09-21,primary_or_persistent_record_resolved; title/authors/year/venue checked,preprint_only,yes,contextual_boundary_citation,none,record and manuscript role audited; this is not an exhaustive novelty or priority determination
bhojanapalli2016global,https://arxiv.org/abs/1605.07221,2026-09-21,primary_or_persistent_record_resolved; title/authors/year/venue checked,peer_reviewed_conference,yes,contextual_boundary_citation,none,record and manuscript role audited; this is not an exhaustive novelty or priority determination
bregler2000nonrigid,https://ieeexplore.ieee.org/document/854941/,2026-09-21,primary_or_persistent_record_resolved; title/authors/year/venue checked,peer_reviewed_conference,yes,contextual_boundary_citation,none,record and manuscript role audited; this is not an exhaustive novelty or priority determination
cai2026vlm3,https://arxiv.org/abs/2605.30561,2026-09-21,primary_or_persistent_record_resolved; title/authors/year/venue checked,preprint_only,yes,contextual_boundary_citation,none,record and manuscript role audited; this is not an exhaustive novelty or priority determination
candes2009exact,https://doi.org/10.1007/s10208-009-9045-5,2026-09-21,primary_or_persistent_record_resolved; title/authors/year/venue checked,peer_reviewed_journal,yes,contextual_boundary_citation,none,record and manuscript role audited; this is not an exhaustive novelty or priority determination
candes2010noise,https://doi.org/10.1109/JPROC.2009.2035722,2026-09-21,primary_or_persistent_record_resolved; title/authors/year/venue checked,peer_reviewed_journal,yes,contextual_boundary_citation,none,record and manuscript role audited; this is not an exhaustive novelty or priority determination
chaudhury2014registration,https://arxiv.org/abs/1306.5226,2026-09-21,primary_or_persistent_record_resolved; title/authors/year/venue checked,peer_reviewed_journal,yes,contextual_boundary_citation,none,record and manuscript role audited; this is not an exhaustive novelty or priority determination
chen2015completing,https://jmlr.org/papers/v16/chen15b.html,2026-09-21,primary_or_persistent_record_resolved; title/authors/year/venue checked,peer_reviewed_journal,yes,contextual_boundary_citation,none,record and manuscript role audited; this is not an exhaustive novelty or priority determination
chen2022nonconvex,https://jmlr.org/papers/v23/21-1148.html,2026-09-21,primary_or_persistent_record_resolved; title/authors/year/venue checked,peer_reviewed_journal,yes,contextual_boundary_citation,none,record and manuscript role audited; this is not an exhaustive novelty or priority determination
connelly2005generic,https://doi.org/10.1007/s00454-004-1124-4,2026-09-21,primary_or_persistent_record_resolved; title/authors/year/venue checked,peer_reviewed_journal,yes,contextual_boundary_citation,none,record and manuscript role audited; this is not an exhaustive novelty or priority determination
costeira1998multibody,https://doi.org/10.1023/A:1008000628999,2026-09-21,primary_or_persistent_record_resolved; title/authors/year/venue checked,peer_reviewed_journal,yes,contextual_boundary_citation,none,record and manuscript role audited; this is not an exhaustive novelty or priority determination
cruickshank2026hypergraph,https://doi.org/10.1112/jlms.70633,2026-09-21,primary_or_persistent_record_resolved; title/authors/year/venue checked,peer_reviewed_journal,yes,contextual_boundary_citation,none,record and manuscript role audited; this is not an exhaustive novelty or priority determination
daunhawer2023identifiability,https://arxiv.org/abs/2303.09166,2026-09-21,primary_or_persistent_record_resolved; title/authors/year/venue checked,peer_reviewed_conference,yes,contextual_boundary_citation,none,record and manuscript role audited; this is not an exhaustive novelty or priority determination
davis1970rotation,https://doi.org/10.1137/0707001,2026-09-21,primary_or_persistent_record_resolved; title/authors/year/venue checked,peer_reviewed_journal,yes,contextual_boundary_citation,none,record and manuscript role audited; this is not an exhaustive novelty or priority determination
ge2017nospurious,https://proceedings.mlr.press/v70/ge17a.html,2026-09-21,primary_or_persistent_record_resolved; title/authors/year/venue checked,peer_reviewed_conference,yes,contextual_boundary_citation,none,record and manuscript role audited; this is not an exhaustive novelty or priority determination
goldberg2008normalization,https://jmlr.org/papers/v9/goldberg08a.html,2026-09-21,primary_or_persistent_record_resolved; title/authors/year/venue checked,peer_reviewed_journal,yes,contextual_boundary_citation,JMLR article number 63 restored,record and manuscript role audited; this is not an exhaustive novelty or priority determination
gortler2010characterizing,https://doi.org/10.1353/ajm.0.0132,2026-09-21,primary_or_persistent_record_resolved; title/authors/year/venue checked,peer_reviewed_journal,yes,contextual_boundary_citation,none,record and manuscript role audited; this is not an exhaustive novelty or priority determination
gower1975generalized,https://doi.org/10.1007/BF02291478,2026-09-21,primary_or_persistent_record_resolved; title/authors/year/venue checked,peer_reviewed_journal,yes,contextual_boundary_citation,none,record and manuscript role audited; this is not an exhaustive novelty or priority determination
gresele2020rosetta,https://proceedings.mlr.press/v115/gresele20a.html,2026-09-21,primary_or_persistent_record_resolved; title/authors/year/venue checked,peer_reviewed_conference,yes,contextual_boundary_citation,none,record and manuscript role audited; this is not an exhaustive novelty or priority determination
gunasekar2017implicit,https://arxiv.org/abs/1705.09280,2026-09-21,primary_or_persistent_record_resolved; title/authors/year/venue checked,peer_reviewed_conference,yes,contextual_boundary_citation,none,record and manuscript role audited; this is not an exhaustive novelty or priority determination
hartley2004multiple,https://doi.org/10.1017/CBO9780511811685,2026-09-21,primary_or_persistent_record_resolved; title/authors/year/venue checked,scholarly_book,yes,contextual_boundary_citation,none,record and manuscript role audited; this is not an exhaustive novelty or priority determination
horn1987closed,https://doi.org/10.1364/JOSAA.4.000629,2026-09-21,primary_or_persistent_record_resolved; title/authors/year/venue checked,peer_reviewed_journal,yes,contextual_boundary_citation,none,record and manuscript role audited; this is not an exhaustive novelty or priority determination
hyvarinen2016time,https://arxiv.org/abs/1605.06336,2026-09-21,primary_or_persistent_record_resolved; title/authors/year/venue checked,peer_reviewed_conference,yes,contextual_boundary_citation,none,record and manuscript role audited; this is not an exhaustive novelty or priority determination
hyvarinen2019auxiliary,https://proceedings.mlr.press/v89/hyvarinen19a.html,2026-09-21,primary_or_persistent_record_resolved; title/authors/year/venue checked,peer_reviewed_conference,yes,contextual_boundary_citation,none,record and manuscript role audited; this is not an exhaustive novelty or priority determination
khemakhem2020vae,https://proceedings.mlr.press/v108/khemakhem20a.html,2026-09-21,primary_or_persistent_record_resolved; title/authors/year/venue checked,peer_reviewed_conference,yes,contextual_boundary_citation,none,record and manuscript role audited; this is not an exhaustive novelty or priority determination
kiraly2015algebraic,https://jmlr.org/papers/v16/kiraly15a.html,2026-09-21,primary_or_persistent_record_resolved; title/authors/year/venue checked,peer_reviewed_journal,yes,contextual_boundary_citation,none,record and manuscript role audited; this is not an exhaustive novelty or priority determination
knill2007ullman,https://arxiv.org/abs/0708.2438,2026-09-21,primary_or_persistent_record_resolved; title/authors/year/venue checked,preprint_only,yes,contextual_boundary_citation,none,record and manuscript role audited; this is not an exhaustive novelty or priority determination
koenderink1991affine,https://doi.org/10.1364/JOSAA.8.000377,2026-09-21,primary_or_persistent_record_resolved; title/authors/year/venue checked,peer_reviewed_journal,yes,contextual_boundary_citation,none,record and manuscript role audited; this is not an exhaustive novelty or priority determination
kutyniok2012scalable,https://arxiv.org/abs/1204.1880,2026-09-21,primary_or_persistent_record_resolved; title/authors/year/venue checked,peer_reviewed_journal,yes,contextual_boundary_citation,none,record and manuscript role audited; this is not an exhaustive novelty or priority determination
locatello2019challenging,https://proceedings.mlr.press/v97/locatello19a.html,2026-09-21,primary_or_persistent_record_resolved; title/authors/year/venue checked,peer_reviewed_conference,yes,contextual_boundary_citation,none,record and manuscript role audited; this is not an exhaustive novelty or priority determination
lyu2022understanding,https://arxiv.org/abs/2106.07115,2026-09-21,primary_or_persistent_record_resolved; title/authors/year/venue checked,peer_reviewed_conference,yes,contextual_boundary_citation,none,record and manuscript role audited; this is not an exhaustive novelty or priority determination
nelson2026statistical,https://arxiv.org/abs/2603.11970,2026-09-21,primary_or_persistent_record_resolved; title/authors/year/venue checked,peer_reviewed_conference,yes,contextual_boundary_citation,none,record and manuscript role audited; this is not an exhaustive novelty or priority determination
pachauri2013multiway,https://proceedings.neurips.cc/paper/2013/hash/3df1d4b96d8976ff5986393e8767f5b2-Abstract.html,2026-09-21,primary_or_persistent_record_resolved; title/authors/year/venue checked,peer_reviewed_conference,yes,contextual_boundary_citation,none,record and manuscript role audited; this is not an exhaustive novelty or priority determination
poelman1997paraperspective,https://doi.org/10.1109/34.584098,2026-09-21,primary_or_persistent_record_resolved; title/authors/year/venue checked,peer_reviewed_journal,yes,contextual_boundary_citation,none,record and manuscript role audited; this is not an exhaustive novelty or priority determination
recht2011simpler,https://jmlr.org/papers/v12/recht11a.html,2026-09-21,primary_or_persistent_record_resolved; title/authors/year/venue checked,peer_reviewed_journal,yes,contextual_boundary_citation,none,record and manuscript role audited; this is not an exhaustive novelty or priority determination
roeder2021linear,https://proceedings.mlr.press/v139/roeder21a.html,2026-09-21,primary_or_persistent_record_resolved; title/authors/year/venue checked,peer_reviewed_conference,yes,contextual_boundary_citation,author corrected from Diederik P. Kingma to Durk Kingma from official PMLR record,record and manuscript role audited; this is not an exhaustive novelty or priority determination
rosen2019sesync,https://doi.org/10.1177/0278364918784361,2026-09-21,primary_or_persistent_record_resolved; title/authors/year/venue checked,peer_reviewed_journal,yes,contextual_boundary_citation,none,record and manuscript role audited; this is not an exhaustive novelty or priority determination
saunderson2012diagonal,https://doi.org/10.1137/120872516,2026-09-21,primary_or_persistent_record_resolved; title/authors/year/venue checked,peer_reviewed_journal,yes,contextual_boundary_citation,none,record and manuscript role audited; this is not an exhaustive novelty or priority determination
schonemann1966generalized,https://doi.org/10.1007/BF02289451,2026-09-21,primary_or_persistent_record_resolved; title/authors/year/venue checked,peer_reviewed_journal,yes,contextual_boundary_citation,none,record and manuscript role audited; this is not an exhaustive novelty or priority determination
singer2011angular,https://doi.org/10.1016/j.acha.2010.02.001,2026-09-21,primary_or_persistent_record_resolved; title/authors/year/venue checked,peer_reviewed_journal,yes,contextual_boundary_citation,none,record and manuscript role audited; this is not an exhaustive novelty or priority determination
singh2019networks,https://arxiv.org/abs/1906.09714,2026-09-21,primary_or_persistent_record_resolved; title/authors/year/venue checked,peer_reviewed_journal,yes,contextual_boundary_citation,none,record and manuscript role audited; this is not an exhaustive novelty or priority determination
squires2023linear,https://proceedings.mlr.press/v202/squires23a.html,2026-09-21,primary_or_persistent_record_resolved; title/authors/year/venue checked,peer_reviewed_conference,yes,contextual_boundary_citation,middle initial restored for Salil S. Bhate from official PMLR record,record and manuscript role audited; this is not an exhaustive novelty or priority determination
sturm1996factorization,https://link.springer.com/chapter/10.1007/3-540-61123-1_183,2026-09-21,primary_or_persistent_record_resolved; title/authors/year/venue checked,peer_reviewed_conference,yes,contextual_boundary_citation,none,record and manuscript role audited; this is not an exhaustive novelty or priority determination
tomasi1992shape,https://doi.org/10.1007/BF00129684,2026-09-21,primary_or_persistent_record_resolved; title/authors/year/venue checked,peer_reviewed_journal,yes,contextual_boundary_citation,none,record and manuscript role audited; this is not an exhaustive novelty or priority determination
ullman1979interpretation,https://doi.org/10.1098/rspb.1979.0006,2026-09-21,primary_or_persistent_record_resolved; title/authors/year/venue checked,peer_reviewed_journal,yes,contextual_boundary_citation,none,record and manuscript role audited; this is not an exhaustive novelty or priority determination
vonkugelgen2021selfsupervised,https://arxiv.org/abs/2106.04619,2026-09-21,primary_or_persistent_record_resolved; title/authors/year/venue checked,peer_reviewed_conference,yes,contextual_boundary_citation,none,record and manuscript role audited; this is not an exhaustive novelty or priority determination
wedin1972perturbation,https://doi.org/10.1007/BF01932678,2026-09-21,primary_or_persistent_record_resolved; title/authors/year/venue checked,peer_reviewed_journal,yes,contextual_boundary_citation,none,record and manuscript role audited; this is not an exhaustive novelty or priority determination
yao2024partial,https://arxiv.org/abs/2311.04056,2026-09-21,primary_or_persistent_record_resolved; title/authors/year/venue checked,peer_reviewed_conference,yes,contextual_boundary_citation,none,record and manuscript role audited; this is not an exhaustive novelty or priority determination
zimmermann2021contrastive,https://proceedings.mlr.press/v139/zimmermann21a.html,2026-09-21,primary_or_persistent_record_resolved; title/authors/year/venue checked,peer_reviewed_conference,yes,contextual_boundary_citation,none,record and manuscript role audited; this is not an exhaustive novelty or priority determination
zhang2000flexible,https://doi.org/10.1109/34.888718,2026-09-21,primary_or_persistent_record_resolved; title/authors/year/venue checked,peer_reviewed_journal,yes,contextual_boundary_citation,none,record and manuscript role audited; this is not an exhaustive novelty or priority determination
