command,user_seconds,system_seconds,cpu_seconds,wall_seconds,peak_rss_kib,swaps,exit_status
reproduce,25.11,0.10,25.21,25.29,140112,0,0
report,4.30,0.12,4.42,4.00,111100,0,0
check,2.17,0.11,2.28,1.82,98604,0,0
tests,16.24,0.09,16.33,15.92,101420,0,0
pilot,1.02,0.10,1.12,0.73,92840,0,0
inspect,1.14,0.09,1.23,0.76,92844,0,0
holdout,5.26,0.11,5.37,5.00,136776,0,0
static,1.14,0.07,1.21,0.83,97324,0,0
references,1.27,0.07,1.34,0.88,92972,0,0
external_refs,1.10,0.08,1.18,0.73,92844,0,0
pytest,22.45,0.19,22.64,22.21,169276,0,0
