u,energy_ratio,relative_gram_error
0.0,1.0,0.0
0.08333333333333333,1.0,0.0
0.16666666666666666,1.0,0.0
0.25,1.0,0.0
0.3333333333333333,1.0,0.0
0.4166666666666667,0.9970501474926253,0.04213239411206688
0.5,0.98989898989899,0.07470557803231676
0.5833333333333334,0.9803921568627451,0.10048388175708425
0.6666666666666666,0.9696969696969697,0.12134895525894078
0.75,0.9585406301824212,0.13858041392204676
0.8333333333333334,0.9473684210526315,0.15306164389249435
0.9166666666666666,0.9364461738002594,0.16541531789261807
1.0,0.9259259259259259,0.17609018126512477
1.0833333333333333,0.9158878504672897,0.18541669549763332
1.1666666666666667,0.9063670411985019,0.1936431840459971
1.25,0.897370653095844,0.20095973792540586
1.3333333333333333,0.8888888888888888,0.2075143391598224
1.4166666666666667,0.8809020436927414,0.21342395195613162
1.5,0.8733850129198967,0.2187822990080641
1.5833333333333333,0.8663101604278075,0.22366541294513828
1.6666666666666667,0.8596491228070176,0.2281356669930354
1.75,0.8533739218670725,0.23224474779624213
1.8333333333333333,0.847457627118644,0.23603588018088853
1.9166666666666667,0.8418747262374069,0.23954551466083635
2.0,0.8366013071895425,0.2428046234553898
2.0833333333333335,0.8316151202749141,0.24583970735528993
2.1666666666666665,0.82689556509299,0.2486735863151848
2.25,0.8224236320913058,0.25132602637277707
2.3333333333333335,0.8181818181818182,0.2538142413397668
2.4166666666666665,0.8141540291406483,0.2561532976973251
2.5,0.8103254769921436,0.25835644395790336
2.5833333333333335,0.8066825775656324,0.26043538055862414
2.6666666666666665,0.8032128514056225,0.26240048254376924
2.75,0.7999048298834166,0.2642609844745405
2.8333333333333335,0.7967479674796748,0.26602513489610824
2.9166666666666665,0.7937325606353295,0.2677003261008892
3.0,0.7908496732026143,0.26929320371561527
3.0833333333333335,0.7880910683012259,0.27080975970979054
3.1666666666666665,0.785449146250928,0.2722554117036033
3.25,0.7829168881800461,0.27363507089251315
3.3333333333333335,0.7804878048780488,0.2749532004654975
3.4166666666666665,0.7781558904553557,0.2762138660460747
3.5,0.7759155803848541,0.2774207794086083
3.5833333333333335,0.7737617135207496,0.2785773365011201
3.6666666666666665,0.771689497716895,0.2796866506278178
3.75,0.7696944786957117,0.28075158150055046
3.8333333333333335,0.7677725118483413,0.2817747607513241
3.9166666666666665,0.7659197366755286,0.28275861440235317
4.0,0.7641325536062378,0.2837053827115957
