u,true_energy,minimum_energy,gap,relative_gram_error_squared
0,12,12,0,0
1/12,57/4,57/4,0,0
1/6,17,17,0,0
1/4,81/4,81/4,0,0
1/3,24,24,0,0
5/12,113/4,169/6,1/12,113/63657
1/2,33,98/3,1/3,11/1971
7/12,153/4,75/2,3/4,51/5051
2/3,44,128/3,4/3,11/747
3/4,201/4,289/6,25/12,1675/87219
5/6,57,54,3,19/811
11/12,257/4,361/6,49/12,12593/460233
1,72,200/3,16/3,4/129
13/12,321/4,147/2,27/4,321/9337
7/6,89,242/3,25/3,2225/59337
5/4,393/4,529/6,121/12,15851/392499
4/3,108,96,12,9/209
17/12,473/4,625/6,169/12,79937/1754937
3/2,129,338/3,49/3,2107/44019
19/12,561/4,243/2,75/4,4675/93451
5/3,152,392/3,64/3,304/5841
7/4,657/4,841/6,289/12,21097/391137
11/6,177,150,27,59/1059
23/12,761/4,961/6,361/12,274721/4787577
2,204,512/3,100/3,425/7209
25/12,873/4,363/2,147/4,14259/235931
13/6,233,578/3,121/3,28193/455913
9/4,993/4,1225/6,529/12,175099/2772099
7/3,264,216,48,44/683
29/12,1121/4,1369/6,625/12,700625/10677897
5/2,297,722/3,169/3,1859/27851
31/12,1257/4,507/2,243/4,11313/166793
8/3,332,800/3,196/3,4067/59067
11/4,1401/4,1681/6,841/12,392747/5624019
17/6,369,294,75,3075/43451
35/12,1553/4,1849/6,961/12,1492433/20825577
3,408,968/3,256/3,1088/15003
37/12,1713/4,675/2,363/4,69091/942091
19/6,449,1058/3,289/3,129761/1750617
13/4,1881/4,2209/6,1225/12,256025/3419313
10/3,492,384,108,123/1627
41/12,2057/4,2401/6,1369/12,2816033/36910233
7/2,537,1250/3,361/3,64619/839619
43/12,2241/4,867/2,507/4,126243/1626731
11/3,584,1352/3,400/3,7300/93321
15/4,2433/4,2809/6,1681/12,1363291/17295939
23/6,633,486,147,10339/130219
47/12,2633/4,3025/6,1849/12,4868417/60891417
4,684,1568/3,484/3,2299/28563
